label	model	n_donors	n_bootstrap	roc_auc_mean	roc_auc_std	roc_auc_ci_low	roc_auc_ci_high	pr_auc_mean	pr_auc_std	pr_auc_ci_low	pr_auc_ci_high	balanced_accuracy_mean	balanced_accuracy_std	balanced_accuracy_ci_low	balanced_accuracy_ci_high	macro_f1_mean	macro_f1_std	macro_f1_ci_low	macro_f1_ci_high
linear_svm	linear_svm	30	2000	0.9865620416119193	0.016615031386748604	0.9444444444444444	1.0	0.9923919283607838	0.009971956573221358	0.9663865546218487	1.0	0.9315810421847369	0.04949765925946955	0.8194444444444444	1.0	0.9296549397024639	0.04920972282793912	0.8237367802585194	1.0
logreg	logreg	30	2000	0.9910899764183795	0.012100938177134068	0.9592524509803921	1.0	0.9946850171066028	0.007646801949451057	0.9747679941541832	1.0000000000000002	0.9735731492488544	0.027364790667174208	0.9117647058823529	1.0	0.9662232358844565	0.0347433898915181	0.8901098901098901	1.0
xgb	xgb	30	2000	0.9954720651935397	0.007608372756671891	0.9728506787330317	1.0	0.9971904865320027	0.00484526668692885	0.9833333333333334	1.0000000000000002	0.9576981723717889	0.04092237550562511	0.8610119047619048	1.0	0.9631278321912837	0.03565387877446474	0.8768809849521204	1.0
