model	roc_auc_mean	roc_auc_std	pr_auc_mean	pr_auc_std	balanced_accuracy_mean	balanced_accuracy_std	macro_f1_mean	macro_f1_std	runtime_mean_s	runtime_std_s	n_features_selected_mean
xgb	1.0	0.0	1.0	0.0	0.9666666666666666	0.07453559924999303	0.9657142857142856	0.07666518779999283	0.06274762153625488	0.010631409452382607	1000.0
linear_svm	0.925	0.16770509831248423	0.9608333333333334	0.08757932911874175	0.85	0.270993542358485	0.8323809523809522	0.2886829895936469	0.01274557113647461	0.0002670858207364839	1000.0
logreg	0.925	0.16770509831248423	0.9608333333333334	0.08757932911874175	0.85	0.270993542358485	0.8323809523809522	0.2886829895936469	0.016869735717773438	0.002917567729837378	1000.0
