model	n_repeats	roc_auc_mean	roc_auc_std	roc_auc_ci95_low	roc_auc_ci95_high	pr_auc_mean	pr_auc_std	pr_auc_ci95_low	pr_auc_ci95_high	balanced_accuracy_mean	balanced_accuracy_std	balanced_accuracy_ci95_low	balanced_accuracy_ci95_high	macro_f1_mean	macro_f1_std	macro_f1_ci95_low	macro_f1_ci95_high	runtime_s_mean	runtime_s_std	runtime_s_ci95_low	runtime_s_ci95_high	n_features_selected_mean	n_features_selected_std	n_features_selected_ci95_low	n_features_selected_ci95_high
xgb	10	0.9974999999999999	0.007905694150420955	0.980625	1.0	0.999	0.003162277660168382	0.99225	1.0	0.9549999999999998	0.02783327788861188	0.901875	0.975	0.9474761904761906	0.03157397820632113	0.8907142857142857	0.9657142857142856	0.2921077013015747	0.009020561972421065	0.28573495149612427	0.3107095956802368	1000.0	0.0	1000.0	1000.0
linear_svm	10	0.9925	0.02371708245126283	0.941875	1.0	0.9960833333333333	0.012385587502326123	0.9696458333333334	1.0	0.96	0.04577858683211705	0.8687499999999999	1.0	0.9551666666666666	0.050579913645627125	0.853220238095238	1.0	0.06254222393035888	0.0012054829056977654	0.06105152368545532	0.06444942951202393	1000.0	0.0	1000.0	1000.0
logreg	10	0.9925	0.02371708245126283	0.941875	1.0	0.9960833333333333	0.012385587502326123	0.9696458333333334	1.0	0.9400000000000001	0.039244406694331914	0.8631249999999999	0.975	0.9279285714285714	0.04358408322318647	0.8455059523809523	0.9657142857142856	0.076442551612854	0.0025399747519756167	0.07444163560867309	0.08052259683609009	1000.0	0.0	1000.0	1000.0
