model	roc_auc_mean	roc_auc_std	pr_auc_mean	pr_auc_std	balanced_accuracy_mean	balanced_accuracy_std	macro_f1_mean	macro_f1_std	runtime_mean_s	runtime_std_s	n_features_selected_mean
linear_svm	0.9277777777777778	0.11041448285750995	0.9666666666666666	0.045643546458763895	0.8333333333333333	0.051031036307982856	0.7961904761904761	0.07240601069999318	0.004848337173461914	0.00024446692863577986	51.0
logreg	0.8777777777777779	0.21659542988464364	0.9466666666666667	0.08113774296425393	0.8333333333333333	0.15590239111558088	0.8	0.18257418583505536	0.006959772109985352	0.0030687618418397487	51.0
xgb	0.85	0.22360679774997896	0.9408333333333333	0.08479960036593469	0.85	0.22360679774997896	0.8526984126984127	0.22659640545467308	0.018853473663330077	0.011532479972347555	51.0
