model	n_test_donors	roc_auc	pr_auc	balanced_accuracy	macro_f1	accuracy	runtime_total_s	runtime_mean_s	n_features_selected_mean
logreg	30	0.9490740740740741	0.9602306985240423	0.875	0.8642533936651584	0.8666666666666667	0.10172128677368164	0.003390709559122721	51.0
linear_svm	30	0.9259259259259259	0.9307164854313978	0.8611111111111112	0.8611111111111112	0.8666666666666667	0.08269834518432617	0.002756611506144206	51.0
xgb	30	0.8611111111111112	0.9227621211316865	0.7222222222222222	0.7222222222222222	0.7333333333333333	0.4217057228088379	0.014056857426961262	51.0
