model	n_repeats	roc_auc_mean	roc_auc_std	roc_auc_ci95_low	roc_auc_ci95_high	pr_auc_mean	pr_auc_std	pr_auc_ci95_low	pr_auc_ci95_high	balanced_accuracy_mean	balanced_accuracy_std	balanced_accuracy_ci95_low	balanced_accuracy_ci95_high	macro_f1_mean	macro_f1_std	macro_f1_ci95_low	macro_f1_ci95_high	runtime_s_mean	runtime_s_std	runtime_s_ci95_low	runtime_s_ci95_high	n_features_selected_mean	n_features_selected_std	n_features_selected_ci95_low	n_features_selected_ci95_high
logreg	10	0.9363888888888889	0.028851174337121865	0.8827777777777779	0.970625	0.9587777777777777	0.019037271219196572	0.9295902777777778	0.9871875	0.8549999999999999	0.03730918531195737	0.8075	0.9266666666666666	0.8392936507936508	0.040989900678971576	0.7906507936507936	0.9164285714285714	0.026628613471984863	0.003162039754399741	0.02494531273841858	0.033483612537384036	51.0	0.0	51.0	51.0
linear_svm	10	0.9272222222222222	0.03416654120221869	0.8648611111111111	0.970625	0.9535555555555556	0.02359124073108118	0.9203541666666667	0.9871875	0.8508333333333333	0.03917553091181055	0.8102083333333333	0.9266666666666666	0.8378888888888888	0.041236575929912596	0.7912083333333333	0.9164285714285714	0.02320523262023926	0.0009695667178228712	0.022681570053100585	0.0253162682056427	51.0	0.0	51.0	51.0
xgb	10	0.8786111111111111	0.0342229537359689	0.8247222222222222	0.9270833333333334	0.9338333333333335	0.02087292534231076	0.90025	0.9534791666666667	0.7674999999999998	0.07194927053740156	0.6327083333333333	0.85	0.7447857142857143	0.08896698391338996	0.5757142857142857	0.8481269841269842	0.07238597869873047	0.01843707133955262	0.06590816378593445	0.11214296817779543	51.0	0.0	51.0	51.0
