model	n_test_donors	roc_auc	pr_auc	balanced_accuracy	macro_f1	accuracy	runtime_total_s	runtime_mean_s	n_features_selected_mean
linear_svm	30	1.0	1.0000000000000002	0.9722222222222222	0.9657142857142857	0.9666666666666667	0.32093358039855957	0.01069778601328532	1000.0
logreg	30	1.0	1.0000000000000002	0.9444444444444444	0.9321266968325792	0.9333333333333333	0.4040036201477051	0.013466787338256837	1000.0
xgb	30	0.9907407407407407	0.9944444444444447	0.9722222222222222	0.9657142857142857	0.9666666666666667	1.963663101196289	0.06545543670654297	1000.0
