model	roc_auc_mean	roc_auc_std	pr_auc_mean	pr_auc_std	balanced_accuracy_mean	balanced_accuracy_std	macro_f1_mean	macro_f1_std	runtime_mean_s	runtime_std_s	n_features_selected_mean
linear_svm	1.0	0.0	1.0	0.0	0.9666666666666666	0.07453559924999303	0.9657142857142856	0.07666518779999283	0.012740755081176757	0.0003046109049201569	1000.0
logreg	1.0	0.0	1.0	0.0	1.0	0.0	1.0	0.0	0.01658320426940918	0.0012933593287125643	1000.0
xgb	0.9555555555555555	0.09938079899999061	0.961111111111111	0.0869581991249918	0.9083333333333332	0.14553540997144157	0.8990476190476191	0.14961780485070847	0.06390562057495117	0.013819013608972839	1000.0
