model	roc_auc_mean	roc_auc_std	pr_auc_mean	pr_auc_std	balanced_accuracy_mean	balanced_accuracy_std	macro_f1_mean	macro_f1_std	runtime_mean_s	runtime_std_s	n_features_selected_mean
linear_svm	0.9555555555555555	0.060858061945018464	0.9666666666666666	0.045643546458763944	0.875	0.13819269959814165	0.8647619047619047	0.14003562876733563	0.005461549758911133	0.00025812126259514305	102.0
logreg	0.9555555555555555	0.060858061945018464	0.9666666666666666	0.045643546458763944	0.85	0.1200405024240661	0.8304761904761904	0.11787998816583467	0.0069560050964355465	0.0010728262594579582	102.0
xgb	0.7111111111111111	0.22703129713002831	0.8427777777777777	0.10970200235632736	0.5916666666666666	0.15138251770487454	0.5605555555555555	0.1870869936951164	0.022577571868896484	0.011334953987577416	102.0
