{
  "run_name": "kong2023_4types_cv",
  "fold": 3,
  "model": "GatedStructuralCFN",
  "seed": 45,
  "artifacts": {
    "feature_names": [
      "DC1",
      "ILCs",
      "Macrophages",
      "Tregs"
    ],
    "dependency_matrix": [
      [
        0.0,
        0.32247440133208166,
        0.652390170030591,
        0.025135464991886926
      ],
      [
        0.108727758034909,
        0.0,
        0.021291470999044694,
        0.8699807376872275
      ],
      [
        0.2763233304495535,
        0.2122825072981433,
        0.0,
        0.5113941622523032
      ],
      [
        0.29520673402633857,
        0.1370020882347411,
        0.5677912080647225,
        0.0
      ]
    ]
  },
  "auroc": 0.7272727272727272,
  "pr_auc": 0.6464646464646464,
  "n_train": 57,
  "n_test": 14
}