{
  "run_name": "kong2023_4types_cv",
  "fold": 4,
  "model": "GatedStructuralCFN",
  "seed": 46,
  "artifacts": {
    "feature_names": [
      "DC1",
      "ILCs",
      "Macrophages",
      "Tregs"
    ],
    "dependency_matrix": [
      [
        0.0,
        0.1060137089613868,
        0.5087178198769968,
        0.3852684942450284
      ],
      [
        0.13575574854627803,
        0.0,
        0.8483677308814309,
        0.01587652965662585
      ],
      [
        0.23263873197762422,
        0.705864436630957,
        0.0,
        0.061496878793982704
      ],
      [
        0.0002879378716243521,
        0.0006161922916161892,
        0.9990958806115754,
        0.0
      ]
    ]
  },
  "auroc": 0.675,
  "pr_auc": 0.48541666666666666,
  "n_train": 57,
  "n_test": 14
}