{
  "run_name": "kong2023_4types_cv",
  "fold": 1,
  "model": "GatedStructuralCFN",
  "seed": 43,
  "artifacts": {
    "feature_names": [
      "DC1",
      "ILCs",
      "Macrophages",
      "Tregs"
    ],
    "dependency_matrix": [
      [
        0.0,
        0.18889168693386119,
        0.3654170959135324,
        0.44569116447709795
      ],
      [
        0.5952190421711199,
        0.0,
        0.20513344283015605,
        0.19964753212544295
      ],
      [
        0.2928194667974516,
        0.42287992875304914,
        0.0,
        0.2843006044494993
      ],
      [
        0.9722297315387327,
        0.02733585398467678,
        0.0004344500638560462,
        0.0
      ]
    ]
  },
  "auroc": 0.5151515151515151,
  "pr_auc": 0.33164983164983164,
  "n_train": 57,
  "n_test": 14
}