{
  "run_name": "kong2023_4types_cv",
  "fold": 0,
  "model": "GatedStructuralCFN",
  "seed": 42,
  "artifacts": {
    "feature_names": [
      "DC1",
      "ILCs",
      "Macrophages",
      "Tregs"
    ],
    "dependency_matrix": [
      [
        0.0,
        0.6624261646067435,
        0.32554386216503217,
        0.012029993151048647
      ],
      [
        0.5987730306488063,
        0.0,
        0.3708505555689252,
        0.03037636553806252
      ],
      [
        0.3174554890038227,
        0.6418702716549315,
        0.0,
        0.04067428006472567
      ],
      [
        0.4176305447764382,
        0.17744018403689923,
        0.404929204111564,
        0.0
      ]
    ]
  },
  "auroc": 0.4318181818181818,
  "pr_auc": 0.29642857142857143,
  "n_train": 56,
  "n_test": 15
}