{
  "run_name": "kong2023_4types_cv",
  "fold": 2,
  "model": "GatedStructuralCFN",
  "seed": 44,
  "artifacts": {
    "feature_names": [
      "DC1",
      "ILCs",
      "Macrophages",
      "Tregs"
    ],
    "dependency_matrix": [
      [
        0.0,
        0.34510676039534166,
        0.32447276321980434,
        0.3304205196623524
      ],
      [
        0.787147641777872,
        0.0,
        0.015201324800148552,
        0.19765101608299482
      ],
      [
        0.393492197461773,
        0.5735200880184831,
        0.0,
        0.032987669725710905
      ],
      [
        0.2756201532510668,
        0.43555442455347637,
        0.2888254221954568,
        0.0
      ]
    ]
  },
  "auroc": 0.7878787878787878,
  "pr_auc": 0.4444444444444445,
  "n_train": 57,
  "n_test": 14
}