{
  "run_name": "scp259_4types_cv",
  "fold": 2,
  "model": "GatedStructuralCFN",
  "seed": 44,
  "artifacts": {
    "feature_names": [
      "DC1",
      "ILCs",
      "Macrophages",
      "Tregs"
    ],
    "dependency_matrix": [
      [
        0.0,
        0.46383585131703553,
        0.1927836150590069,
        0.3433806214388148
      ],
      [
        0.6576592546979437,
        0.0,
        0.0003592249309046987,
        0.3419814584741042
      ],
      [
        0.7441801590834458,
        0.14916689919174594,
        0.0,
        0.10665291580227997
      ],
      [
        0.276931278948842,
        0.5766157389509143,
        0.14645296957424223,
        0.0
      ]
    ]
  },
  "auroc": 1.0,
  "pr_auc": 1.0,
  "n_train": 24,
  "n_test": 6
}