{
  "run_name": "scp259_4types_cv",
  "fold": 4,
  "model": "GatedStructuralCFN",
  "seed": 46,
  "artifacts": {
    "feature_names": [
      "DC1",
      "ILCs",
      "Macrophages",
      "Tregs"
    ],
    "dependency_matrix": [
      [
        0.0,
        0.14931200212249393,
        0.4023214818178674,
        0.4483665262545257
      ],
      [
        0.7074754789198242,
        0.0,
        0.2067542014484039,
        0.08577028396733993
      ],
      [
        0.4582198383136795,
        0.2184885286263348,
        0.0,
        0.32329163305998565
      ],
      [
        0.6121205257345212,
        0.006546009920749479,
        0.3813334537426064,
        0.0
      ]
    ]
  },
  "auroc": 0.875,
  "pr_auc": 0.95,
  "n_train": 24,
  "n_test": 6
}