{
  "run_name": "scp259_4types_cv",
  "fold": 1,
  "model": "GatedStructuralCFN",
  "seed": 43,
  "artifacts": {
    "feature_names": [
      "DC1",
      "ILCs",
      "Macrophages",
      "Tregs"
    ],
    "dependency_matrix": [
      [
        0.0,
        0.010883685980750584,
        0.6047942032334552,
        0.3843221737124631
      ],
      [
        0.3578392086970529,
        0.0,
        0.593216274060943,
        0.04894452968650413
      ],
      [
        0.24242706138406053,
        0.47034792464053893,
        0.0,
        0.28722501397540057
      ],
      [
        0.39468082175814223,
        0.24203281260864104,
        0.36328639715191957,
        0.0
      ]
    ]
  },
  "auroc": 0.7777777777777779,
  "pr_auc": 0.8055555555555556,
  "n_train": 24,
  "n_test": 6
}