{
  "run_name": "scp259_4types_cv",
  "fold": 0,
  "model": "GatedStructuralCFN",
  "seed": 42,
  "artifacts": {
    "feature_names": [
      "DC1",
      "ILCs",
      "Macrophages",
      "Tregs"
    ],
    "dependency_matrix": [
      [
        0.0,
        0.20753510291064903,
        0.7903214705772397,
        0.0021434262451355737
      ],
      [
        0.5543400104545868,
        0.0,
        0.42360320810233015,
        0.022056799276371136
      ],
      [
        0.25194084954218693,
        0.35566665929307467,
        0.0,
        0.3923924911647384
      ],
      [
        0.7297960535733312,
        0.17444341792909582,
        0.09576046968104923,
        0.0
      ]
    ]
  },
  "auroc": 0.888888888888889,
  "pr_auc": 0.9166666666666665,
  "n_train": 24,
  "n_test": 6
}