{
  "run_name": "scp259_4types_cv",
  "fold": 3,
  "model": "GatedStructuralCFN",
  "seed": 45,
  "artifacts": {
    "feature_names": [
      "DC1",
      "ILCs",
      "Macrophages",
      "Tregs"
    ],
    "dependency_matrix": [
      [
        0.0,
        0.6722948378845537,
        0.06901324811120868,
        0.25869190311406626
      ],
      [
        0.3752442083634867,
        0.0,
        0.24108312322917888,
        0.3836726684073344
      ],
      [
        0.6019681898265486,
        0.1255416492916247,
        0.0,
        0.27249017041807366
      ],
      [
        0.4862131375523189,
        0.4657449701752155,
        0.048041896055301306,
        0.0
      ]
    ]
  },
  "auroc": 0.875,
  "pr_auc": 0.95,
  "n_train": 24,
  "n_test": 6
}