run,n_folds,n_pairs,n_edges_compared,exclude_diagonal,cosine_similarity_mean,cosine_similarity_std,cosine_similarity_min,cosine_similarity_max,pearson_r_mean,pearson_r_std,pearson_r_min,pearson_r_max,spearman_r_mean,spearman_r_std,spearman_r_min,spearman_r_max,frobenius_distance_norm_mean,frobenius_distance_norm_std,frobenius_distance_norm_min,frobenius_distance_norm_max
donor_global_composition,5,10,2550,True,0.5366304841636336,0.0256187261037667,0.5032204251046974,0.5833702873129103,0.2520001729538783,0.0288487172615552,0.2134661492999292,0.3045820406631312,0.3006478169302565,0.0323694548919703,0.2482961483685869,0.3398880153614787,0.4816817216103872,0.012935218938405,0.4575360733092145,0.4983873110696175
compartment_composition,5,10,10302,True,0.4507017811844976,0.0289479204510355,0.3946160377614953,0.4945683120589236,0.2431067666000481,0.0289437774248132,0.1811641489646306,0.2850069584489993,0.2670314728794888,0.0181578572150466,0.2318469895203795,0.2967534123390083,0.5250738431631433,0.0137718440447385,0.503329058265849,0.5517035415658877
