representation,n_folds,n_features,grouped_jaccard_full,matrix_cosine_full,sign_consistency_full,top_k,top_k_recurrence_freq,top_k_sign_consistency,perf_roc_auc_mean,perf_roc_auc_std,perf_pr_auc_mean,perf_pr_auc_std,perf_brier_mean,perf_brier_std,perf_runtime_mean_s,perf_runtime_std_s
donor_cluster_props_cfn_full,5,51,0.9839171532088707,0.5366304841636336,1.0,20,1.0,1.0,0.9055555555555556,0.1296957503325416,0.9444444444444444,0.0856168611523468,0.1640336703509092,0.1444287827428994,2.927471633598907,1.8231441057170732
donor_compartment_cluster_props_cfn_full,5,102,0.9648360973633145,0.45070178118449766,1.0,20,1.0,1.0,0.977777777777778,0.0496903994999953,0.9833333333333332,0.0372677996249965,0.1319721147418022,0.0623375326639598,5.864416774996789,0.9748969928354638
