model,roc_auc_mean,roc_auc_std,pr_auc_mean,pr_auc_std,brier_mean,brier_std,runtime_mean_s,runtime_std_s
cfn_default,0.9055555555555556,0.12969575033254166,0.9444444444444444,0.08561686115234689,0.16403367035090924,0.14442878274289941,2.927471633598907,1.8231441057170734
