n_folds,n_pairs,n_edges_compared,exclude_diagonal,cosine_similarity_mean,cosine_similarity_std,cosine_similarity_min,cosine_similarity_max,pearson_r_mean,pearson_r_std,pearson_r_min,pearson_r_max,spearman_r_mean,spearman_r_std,spearman_r_min,spearman_r_max,frobenius_distance_norm_mean,frobenius_distance_norm_std,frobenius_distance_norm_min,frobenius_distance_norm_max
5,10,10302,True,0.45070178118449766,0.02894792045103555,0.3946160377614953,0.49456831205892365,0.24310676660004815,0.028943777424813237,0.18116414896463068,0.28500695844899937,0.26703147287948886,0.01815785721504666,0.2318469895203795,0.29675341233900837,0.5250738431631433,0.013771844044738541,0.503329058265849,0.5517035415658877
