fold_a,fold_b,jaccard_topk,jaccard_group_topk
0,1,0.0,0.0
0,2,0.05263157894736842,0.05263157894736842
0,3,0.0,0.0
0,4,0.05263157894736842,0.05263157894736842
1,2,0.05263157894736842,0.05263157894736842
1,3,0.0,0.0
1,4,0.1111111111111111,0.1111111111111111
2,3,0.0,0.0
2,4,0.0,0.0
3,4,0.05263157894736842,0.05263157894736842
