fold_a,fold_b,jaccard_topk,jaccard_group_topk
0,1,0.0,0.0
0,2,0.0,0.05263157894736842
0,3,0.0,0.0
0,4,0.0,0.0
1,2,0.0,0.0
1,3,0.05263157894736842,0.05263157894736842
1,4,0.05263157894736842,0.05263157894736842
2,3,0.05263157894736842,0.05263157894736842
2,4,0.05263157894736842,0.05263157894736842
3,4,0.05263157894736842,0.05263157894736842
