fold_a,fold_b,jaccard_topk,jaccard_group_topk
0,1,0.034482758620689655,0.034482758620689655
0,2,0.05263157894736842,0.05263157894736842
0,3,0.1320754716981132,0.1320754716981132
0,4,0.034482758620689655,0.034482758620689655
1,2,0.05263157894736842,0.05263157894736842
1,3,0.05263157894736842,0.05263157894736842
1,4,0.05263157894736842,0.05263157894736842
2,3,0.034482758620689655,0.034482758620689655
2,4,0.034482758620689655,0.034482758620689655
3,4,0.01694915254237288,0.01694915254237288
