n_folds,n_pairs,n_edges_compared,exclude_diagonal,cosine_similarity_mean,cosine_similarity_std,cosine_similarity_min,cosine_similarity_max,pearson_r_mean,pearson_r_std,pearson_r_min,pearson_r_max,spearman_r_mean,spearman_r_std,spearman_r_min,spearman_r_max,frobenius_distance_norm_mean,frobenius_distance_norm_std,frobenius_distance_norm_min,frobenius_distance_norm_max
5,10,2550,True,0.5366304841636336,0.025618726103766726,0.5032204251046974,0.5833702873129103,0.2520001729538783,0.02884871726155527,0.2134661492999292,0.30458204066313127,0.30064781693025655,0.03236945489197039,0.24829614836858696,0.3398880153614787,0.4816817216103872,0.012935218938405059,0.4575360733092145,0.4983873110696175
