model,roc_auc_mean,roc_auc_std,pr_auc_mean,pr_auc_std,brier_mean,brier_std,runtime_mean_s,runtime_std_s
cfn_default,0.9777777777777779,0.049690399499995305,0.9833333333333332,0.03726779962499656,0.1319721147418022,0.062337532663959895,5.864416774996789,0.9748969928354638
