n_folds,n_features,n_feature_groups,top_k,topk_jaccard_mean,topk_jaccard_std,topk_jaccard_min,topk_jaccard_max,group_topk_jaccard_mean,group_topk_jaccard_std,group_topk_jaccard_min,group_topk_jaccard_max,sign_consistency_mean,sign_consistency_min,sign_consistency_features_lt_0_8,incoming_std_mean,incoming_std_max,edge_std_mean,edge_std_p95
5,102,83,20,0.053227316385211124,0.02532025024786575,0.02564102564102564,0.1111111111111111,0.053227316385211124,0.02532025024786575,0.02564102564102564,0.1111111111111111,0.8980392156862744,0.6,15,0.13083368063812467,0.3854868749856316,0.007371537027671803,0.02172909474703561
