top_k,topk_jaccard_mean,group_topk_jaccard_mean,topk_jaccard_max,group_topk_jaccard_max,sign_consistency_mean,sign_consistency_min
10,0.0321637426900584,0.0321637426900584,0.1111111111111111,0.1111111111111111,0.8980392156862744,0.6
20,0.0532273163852111,0.0532273163852111,0.1111111111111111,0.1111111111111111,0.8980392156862744,0.6
30,0.0497481974512718,0.0497481974512718,0.1320754716981132,0.1320754716981132,0.8980392156862744,0.6
